{
    "BIAS5": {
        "mean": 0.0013382495367940536,
        "std": 0.25384627836862517
    },
    "PSY5": {
        "mean": 2.6131528226198917,
        "std": 1.1626471271475036
    },
    "ASY2": {
        "mean": 0.00010031966801792079,
        "std": 0.025402682832110782
    },
    "BIAS20": {
        "mean": 0.003067566917357604,
        "std": 0.25274796369825625
    },
    "ASY1": {
        "mean": 0.00010295210879511104,
        "std": 0.03893437773607934
    },
    "ASY9": {
        "mean": 9.778761073889678e-05,
        "std": 0.01077760061293711
    },
    "ASY15": {
        "mean": 9.720491543399343e-05,
        "std": 0.008189101586209125
    },
    "BIAS10": {
        "mean": 0.0018912518910733527,
        "std": 0.2535786314413782
    },
    "ASY3": {
        "mean": 9.971209515984559e-05,
        "std": 0.019985390254105166
    },
    "ASY25": {
        "mean": 9.880954609523165e-05,
        "std": 0.0062798971823235135
    },
    "ASY7": {
        "mean": 9.785834786000986e-05,
        "std": 0.012417971822947566
    },
    "ASY8": {
        "mean": 9.761107484124191e-05,
        "std": 0.011528261126368271
    },
    "BIAS25": {
        "mean": 0.0036739888007257665,
        "std": 0.2537982692530968
    },
    "PSY15": {
        "mean": 7.838813806632126,
        "std": 2.1930392654802664
    },
    "ASY10": {
        "mean": 9.753540814570398e-05,
        "std": 0.010154211903579003
    },
    "ASY20": {
        "mean": 9.766968633652412e-05,
        "std": 0.007039958674221114
    },
    "BIAS15": {
        "mean": 0.0024705948667114196,
        "std": 0.25028317071617207
    },
    "PSY20": {
        "mean": 10.451450524313326,
        "std": 2.6262542233646116
    },
    "ASY5": {
        "mean": 9.854777538730904e-05,
        "std": 0.014799514740412432
    },
    "ASY6": {
        "mean": 9.830744101141912e-05,
        "std": 0.013529013910200328
    },
    "ASY4": {
        "mean": 9.857915601094074e-05,
        "std": 0.016942245018255055
    },
    "PSY25": {
        "mean": 13.064218513525876,
        "std": 3.037233360346849
    },
    "PSY10": {
        "mean": 5.226136047016303,
        "std": 1.7178060323792688
    }
}